{
	"system" : {
		"platform" : "windows64",
		"os_name" : "Windows 10",
		"os_version" : "10.0"
	},
	"error" : {
		"executable" : "quartus",
		"comment" : "not_applicable",
		"error_message" : "Access Violation at 0X000000006842A9FA",
		"source_file" : "unknown",
		"line" : "0",
		"stack_trace" : "\t 0x6842a9f9: QtCore4 + 0x11a9f9 (?imageData@QMimeData@@QEBA?AVQVariant@@XZ + 0x2e9)\n\t 0x6842b2e6: QtCore4 + 0x11b2e6 (?setData@QMimeData@@QEAAXAEBVQString@@AEBVQByteArray@@@Z + 0x76)\n\t 0x6842b4a3: QtCore4 + 0x11b4a3 (?setImageData@QMimeData@@QEAAXAEBVQVariant@@@Z + 0x43)\n\t0x7ffb785a8d38: GCL_AFCQ + 0x18d38 (?add_image_format_into_clipboard@AFCQ_DATA_TRANSFER_MANAGER@@QEAAXAEBVQVariant@@@Z + 0x38)\n\t0x7ffb511e94db: edt_gedq + 0xb94db (?add_bitmap_to_data_source@GEDQ_VIEW@@UEAAXPEAVAFCQ_DATA_TRANSFER_MANAGER@@@Z + 0x35b)\n\t0x7ffb5115fdcd: edt_gedq + 0x2fdcd (?execute@GEDQ_COPY_COMMAND@@UEAA_NXZ + 0x5bd)\n\t0x7ffb5118edae: edt_gedq + 0x5edae (?on_copy_action@GEDQ_FRAME_WND@@UEAAXXZ + 0x2be)\n\t 0x6842d1f0: QtCore4 + 0x11d1f0 (?activate@QMetaObject@@SAXPEAVQObject@@PEBU1@HPEAPEAX@Z + 0x520)\n\t 0x6860a2cf: QtGui4 + 0xa2cf (?activate@QAction@@QEAAXW4ActionEvent@1@@Z + 0xdf)\n\t 0x6860be99: QtGui4 + 0xbe99 (?event@QAction@@MEAA_NPEAVQEvent@@@Z + 0xa9)\n\t 0x68622f95: QtGui4 + 0x22f95 (?notify_helper@QApplicationPrivate@@QEAA_NPEAVQObject@@PEAVQEvent@@@Z + 0xf5)\n\t 0x68622c2f: QtGui4 + 0x22c2f (?notify@QApplication@@UEAA_NPEAVQObject@@PEAVQEvent@@@Z + 0x17bf)\n\t 0x6841e67b: QtCore4 + 0x10e67b (?notifyInternal@QCoreApplication@@AEAA_NPEAVQObject@@PEAVQEvent@@@Z + 0x7b)\n\t 0x6864fb52: QtGui4 + 0x4fb52 (??9QKeySequence@@QEBA_NAEBV0@@Z + 0xdc2)\n\t 0x68651017: QtGui4 + 0x51017 (?setModifiers@QInputEvent@@QEAAXV?$QFlags@W4KeyboardModifier@Qt@@@@@Z + 0x437)\n\t 0x68621806: QtGui4 + 0x21806 (?notify@QApplication@@UEAA_NPEAVQObject@@PEAVQEvent@@@Z + 0x396)\n\t 0x6841e67b: QtCore4 + 0x10e67b (?notifyInternal@QCoreApplication@@AEAA_NPEAVQObject@@PEAVQEvent@@@Z + 0x7b)\n\t 0x6869cc34: QtGui4 + 0x9cc34 (?qt_translateKeyCode@@YAHH@Z + 0x204)\n\t 0x6869dc87: QtGui4 + 0x9dc87 (?qt_translateKeyCode@@YAHH@Z + 0x1257)\n\t 0x68689a9e: QtGui4 + 0x89a9e (?winMouseButtonUp@QApplication@@SAXXZ + 0x1e9e)\n\t0x7ffbde0eef5b: USER32 + 0xef5b (CallWindowProcW + 0x60b)\n\t0x7ffbde0ee683: USER32 + 0xe683 (DispatchMessageW + 0x4a3)\n\t 0x68443982: QtCore4 + 0x133982 (?processEvents@QEventDispatcherWin32@@UEAA_NV?$QFlags@W4ProcessEventsFlag@QEventLoop@@@@@Z + 0x3e2)\n\t 0x68682074: QtGui4 + 0x82074 (?openPopup@QApplicationPrivate@@QEAAXPEAVQWidget@@@Z + 0x204)\n\t 0x6841b5db: QtCore4 + 0x10b5db (?exec@QEventLoop@@QEAAHV?$QFlags@W4ProcessEventsFlag@QEventLoop@@@@@Z + 0x22b)\n\t 0x6841dbbf: QtCore4 + 0x10dbbf (?exec@QCoreApplication@@SAHXZ + 0xdf)\n\t0x7ff648c1198b: quartus + 0x198b (?qgq_main@@YAHHPEAPEBD@Z + 0x8b)\n\t0x7ffbca3a3258: CCL_MSG + 0x13258 (?msg_main_thread@@YAPEAXPEAX@Z + 0x18)\n\t0x7ffbca3a4a5e: CCL_MSG + 0x14a5e (?msg_thread_wrapper@@YAPEAXP6APEAXPEAX@Z0@Z + 0x6e)\n\t0x7ffbca4b6af0: ccl_mem + 0x16af0 (?mem_thread_wrapper@@YAPEAXP6APEAXPEAX@Z0@Z + 0x70)\n\t0x7ffbca3a2af1: CCL_MSG + 0x12af1 (?msg_exe_main@@YAHHPEAPEBDP6AHH0@Z@Z + 0xa1)\n\t0x7ff648c12777: quartus + 0x2777 (WinMain + 0x127)\n\t0x7ff648c11f40: quartus + 0x1f40 (__tmainCRTStartup + 0x148)\n\t0x7ffbddee7373: KERNEL32 + 0x17373 (BaseThreadInitThunk + 0x13)\n\t0x7ffbdfefcc90: ntdll + 0x4cc90 (RtlUserThreadStart + 0x20)\n",
		"subsystem" : "unknown"
	},
	"quartus" : {
		"quartus_bits" : "64",
		"version" : "20.1.1",
		"build" : "720",
		"edition" : "Lite Edition"
	}
}