{
	"partitions" : [
		{
			"name" : "Top",
			"pins" : [
				{
					"name" : "LED1",
					"strict" : false
				},
				{
					"name" : "LED_UNICO",
					"strict" : false
				},
				{
					"name" : "LED2",
					"strict" : false
				},
				{
					"name" : "LED3",
					"strict" : false
				},
				{
					"name" : "LED4",
					"strict" : false
				},
				{
					"name" : "LED5",
					"strict" : false
				},
				{
					"name" : "LED6",
					"strict" : false
				},
				{
					"name" : "A0_1",
					"strict" : false
				},
				{
					"name" : "D0_1",
					"strict" : false
				},
				{
					"name" : "E0_1",
					"strict" : false
				},
				{
					"name" : "F0_1",
					"strict" : false
				},
				{
					"name" : "A1_1",
					"strict" : false
				},
				{
					"name" : "B1_1",
					"strict" : false
				},
				{
					"name" : "C1_1",
					"strict" : false
				},
				{
					"name" : "D1_1",
					"strict" : false
				},
				{
					"name" : "E1_1",
					"strict" : false
				},
				{
					"name" : "F1_1",
					"strict" : false
				},
				{
					"name" : "G1_1",
					"strict" : false
				},
				{
					"name" : "A0_2",
					"strict" : false
				},
				{
					"name" : "D0_2",
					"strict" : false
				},
				{
					"name" : "E0_2",
					"strict" : false
				},
				{
					"name" : "F0_2",
					"strict" : false
				},
				{
					"name" : "A1_2",
					"strict" : false
				},
				{
					"name" : "B1_2",
					"strict" : false
				},
				{
					"name" : "C1_2",
					"strict" : false
				},
				{
					"name" : "D1_2",
					"strict" : false
				},
				{
					"name" : "E1_2",
					"strict" : false
				},
				{
					"name" : "F1_2",
					"strict" : false
				},
				{
					"name" : "G1_2",
					"strict" : false
				},
				{
					"name" : "segA",
					"strict" : false
				},
				{
					"name" : "segc",
					"strict" : false
				},
				{
					"name" : "segD",
					"strict" : false
				},
				{
					"name" : "segE",
					"strict" : false
				},
				{
					"name" : "segF",
					"strict" : false
				},
				{
					"name" : "segG",
					"strict" : false
				},
				{
					"name" : "segA1",
					"strict" : false
				},
				{
					"name" : "segB1",
					"strict" : false
				},
				{
					"name" : "segC1",
					"strict" : false
				},
				{
					"name" : "segD1",
					"strict" : false
				},
				{
					"name" : "segE1",
					"strict" : false
				},
				{
					"name" : "segF1",
					"strict" : false
				},
				{
					"name" : "segG1",
					"strict" : false
				},
				{
					"name" : "S1",
					"strict" : false
				},
				{
					"name" : "S2",
					"strict" : false
				},
				{
					"name" : "B1",
					"strict" : false
				},
				{
					"name" : "B0",
					"strict" : false
				},
				{
					"name" : "B3",
					"strict" : false
				},
				{
					"name" : "B2",
					"strict" : false
				},
				{
					"name" : "sinalB",
					"strict" : false
				},
				{
					"name" : "sinalA",
					"strict" : false
				},
				{
					"name" : "A3",
					"strict" : false
				},
				{
					"name" : "A0",
					"strict" : false
				},
				{
					"name" : "A2",
					"strict" : false
				},
				{
					"name" : "A1",
					"strict" : false
				},
				{
					"name" : "S0",
					"strict" : false
				}
			]
		}
	]
}